index,!Sample_geo_accession,!Sample_characteristics_ch1,!Sample_characteristics_ch1,!Sample_characteristics_ch1,!Sample_characteristics_ch1,!Sample_characteristics_ch1,cellType
healthy cortex cell 1,GSM1657871,tissue: cortex,cell type: oligodendrocytes,age: postnatal 54 years,c1 chip id: 1772078217,experiment_sample_name: AB_S8,oligodendrocytes
healthy cortex cell 2,GSM1657872,tissue: cortex,cell type: hybrid,age: postnatal 54 years,c1 chip id: 1772078217,experiment_sample_name: AB_S8,hybrid
healthy cortex cell 3,GSM1657873,tissue: cortex,cell type: oligodendrocytes,age: postnatal 54 years,c1 chip id: 1772078217,experiment_sample_name: AB_S8,oligodendrocytes
healthy cortex cell 4,GSM1657874,tissue: cortex,cell type: hybrid,age: postnatal 54 years,c1 chip id: 1772078217,experiment_sample_name: AB_S8,hybrid
healthy cortex cell 5,GSM1657875,tissue: cortex,cell type: hybrid,age: postnatal 54 years,c1 chip id: 1772078217,experiment_sample_name: AB_S8,hybrid
healthy cortex cell 6,GSM1657876,tissue: cortex,cell type: oligodendrocytes,age: postnatal 54 years,c1 chip id: 1772078217,experiment_sample_name: AB_S8,oligodendrocytes
healthy cortex cell 7,GSM1657877,tissue: cortex,cell type: oligodendrocytes,age: postnatal 54 years,c1 chip id: 1772078217,experiment_sample_name: AB_S8,oligodendrocytes
healthy cortex cell 8,GSM1657878,tissue: cortex,cell type: hybrid,age: postnatal 54 years,c1 chip id: 1772078217,experiment_sample_name: AB_S8,hybrid
healthy cortex cell 9,GSM1657879,tissue: cortex,cell type: hybrid,age: postnatal 54 years,c1 chip id: 1772078217,experiment_sample_name: AB_S8,hybrid
healthy cortex cell 10,GSM1657880,tissue: cortex,cell type: hybrid,age: postnatal 54 years,c1 chip id: 1772078217,experiment_sample_name: AB_S8,hybrid
healthy cortex cell 11,GSM1657881,tissue: cortex,cell type: oligodendrocytes,age: postnatal 54 years,c1 chip id: 1772078217,experiment_sample_name: AB_S8,oligodendrocytes
healthy cortex cell 12,GSM1657882,tissue: cortex,cell type: hybrid,age: postnatal 54 years,c1 chip id: 1772078217,experiment_sample_name: AB_S8,hybrid
healthy cortex cell 13,GSM1657883,tissue: cortex,cell type: hybrid,age: postnatal 54 years,c1 chip id: 1772078217,experiment_sample_name: AB_S8,hybrid
healthy cortex cell 14,GSM1657884,tissue: cortex,cell type: hybrid,age: postnatal 54 years,c1 chip id: 1772078217,experiment_sample_name: AB_S8,hybrid
healthy cortex cell 15,GSM1657885,tissue: cortex,cell type: astrocytes,age: postnatal 54 years,c1 chip id: 1772078217,experiment_sample_name: AB_S8,astrocytes
healthy cortex cell 16,GSM1657886,tissue: cortex,cell type: hybrid,age: postnatal 54 years,c1 chip id: 1772078217,experiment_sample_name: AB_S8,hybrid
healthy cortex cell 17,GSM1657887,tissue: cortex,cell type: hybrid,age: postnatal 54 years,c1 chip id: 1772078217,experiment_sample_name: AB_S8,hybrid
healthy cortex cell 18,GSM1657888,tissue: cortex,cell type: hybrid,age: postnatal 54 years,c1 chip id: 1772078217,experiment_sample_name: AB_S8,hybrid
healthy cortex cell 19,GSM1657889,tissue: cortex,cell type: oligodendrocytes,age: postnatal 54 years,c1 chip id: 1772078217,experiment_sample_name: AB_S8,oligodendrocytes
healthy cortex cell 20,GSM1657890,tissue: cortex,cell type: oligodendrocytes,age: postnatal 54 years,c1 chip id: 1772078217,experiment_sample_name: AB_S8,oligodendrocytes
healthy cortex cell 21,GSM1657891,tissue: cortex,cell type: oligodendrocytes,age: postnatal 54 years,c1 chip id: 1772078217,experiment_sample_name: AB_S8,oligodendrocytes
healthy cortex cell 22,GSM1657892,tissue: cortex,cell type: oligodendrocytes,age: postnatal 54 years,c1 chip id: 1772078217,experiment_sample_name: AB_S8,oligodendrocytes
healthy cortex cell 23,GSM1657893,tissue: cortex,cell type: OPC,age: postnatal 54 years,c1 chip id: 1772078217,experiment_sample_name: AB_S8,OPC
healthy cortex cell 24,GSM1657894,tissue: cortex,cell type: oligodendrocytes,age: postnatal 54 years,c1 chip id: 1772078217,experiment_sample_name: AB_S8,oligodendrocytes
healthy cortex cell 25,GSM1657895,tissue: cortex,cell type: hybrid,age: postnatal 54 years,c1 chip id: 1772078217,experiment_sample_name: AB_S8,hybrid
healthy cortex cell 26,GSM1657896,tissue: cortex,cell type: hybrid,age: postnatal 54 years,c1 chip id: 1772078217,experiment_sample_name: AB_S8,hybrid
healthy cortex cell 27,GSM1657897,tissue: cortex,cell type: hybrid,age: postnatal 54 years,c1 chip id: 1772078217,experiment_sample_name: AB_S8,hybrid
healthy cortex cell 28,GSM1657898,tissue: cortex,cell type: oligodendrocytes,age: postnatal 54 years,c1 chip id: 1772078217,experiment_sample_name: AB_S8,oligodendrocytes
healthy cortex cell 29,GSM1657899,tissue: cortex,cell type: oligodendrocytes,age: postnatal 54 years,c1 chip id: 1772078217,experiment_sample_name: AB_S8,oligodendrocytes
healthy cortex cell 30,GSM1657900,tissue: cortex,cell type: oligodendrocytes,age: postnatal 54 years,c1 chip id: 1772078217,experiment_sample_name: AB_S8,oligodendrocytes
healthy cortex cell 31,GSM1657901,tissue: cortex,cell type: oligodendrocytes,age: postnatal 54 years,c1 chip id: 1772078217,experiment_sample_name: AB_S8,oligodendrocytes
healthy cortex cell 32,GSM1657902,tissue: cortex,cell type: oligodendrocytes,age: postnatal 54 years,c1 chip id: 1772078217,experiment_sample_name: AB_S8,oligodendrocytes
healthy cortex cell 33,GSM1657903,tissue: cortex,cell type: OPC,age: postnatal 54 years,c1 chip id: 1772078217,experiment_sample_name: AB_S8,OPC
healthy cortex cell 34,GSM1657904,tissue: hippocampus,cell type: OPC,age: postnatal 54 years,c1 chip id: 1772078218,experiment_sample_name: AB_S8,OPC
healthy cortex cell 35,GSM1657905,tissue: hippocampus,cell type: hybrid,age: postnatal 54 years,c1 chip id: 1772078218,experiment_sample_name: AB_S8,hybrid
healthy cortex cell 36,GSM1657906,tissue: hippocampus,cell type: OPC,age: postnatal 54 years,c1 chip id: 1772078218,experiment_sample_name: AB_S8,OPC
healthy cortex cell 37,GSM1657907,tissue: hippocampus,cell type: OPC,age: postnatal 54 years,c1 chip id: 1772078218,experiment_sample_name: AB_S8,OPC
healthy cortex cell 38,GSM1657908,tissue: hippocampus,cell type: OPC,age: postnatal 54 years,c1 chip id: 1772078218,experiment_sample_name: AB_S8,OPC
healthy cortex cell 39,GSM1657909,tissue: hippocampus,cell type: OPC,age: postnatal 54 years,c1 chip id: 1772078218,experiment_sample_name: AB_S8,OPC
healthy cortex cell 40,GSM1657910,tissue: hippocampus,cell type: microglia,age: postnatal 54 years,c1 chip id: 1772078218,experiment_sample_name: AB_S8,microglia
healthy cortex cell 41,GSM1657911,tissue: hippocampus,cell type: OPC,age: postnatal 54 years,c1 chip id: 1772078218,experiment_sample_name: AB_S8,OPC
healthy cortex cell 42,GSM1657912,tissue: hippocampus,cell type: hybrid,age: postnatal 54 years,c1 chip id: 1772078218,experiment_sample_name: AB_S8,hybrid
healthy cortex cell 43,GSM1657913,tissue: hippocampus,cell type: OPC,age: postnatal 54 years,c1 chip id: 1772078218,experiment_sample_name: AB_S8,OPC
healthy cortex cell 44,GSM1657914,tissue: hippocampus,cell type: OPC,age: postnatal 54 years,c1 chip id: 1772078218,experiment_sample_name: AB_S8,OPC
healthy cortex cell 45,GSM1657915,tissue: hippocampus,cell type: OPC,age: postnatal 54 years,c1 chip id: 1772078218,experiment_sample_name: AB_S8,OPC
healthy cortex cell 46,GSM1657916,tissue: hippocampus,cell type: OPC,age: postnatal 54 years,c1 chip id: 1772078218,experiment_sample_name: AB_S8,OPC
healthy cortex cell 47,GSM1657917,tissue: hippocampus,cell type: OPC,age: postnatal 54 years,c1 chip id: 1772078218,experiment_sample_name: AB_S8,OPC
healthy cortex cell 48,GSM1657918,tissue: hippocampus,cell type: microglia,age: postnatal 54 years,c1 chip id: 1772078218,experiment_sample_name: AB_S8,microglia
healthy cortex cell 49,GSM1657919,tissue: hippocampus,cell type: microglia,age: postnatal 54 years,c1 chip id: 1772078218,experiment_sample_name: AB_S8,microglia
healthy cortex cell 50,GSM1657920,tissue: hippocampus,cell type: OPC,age: postnatal 54 years,c1 chip id: 1772078218,experiment_sample_name: AB_S8,OPC
healthy cortex cell 51,GSM1657921,tissue: hippocampus,cell type: OPC,age: postnatal 54 years,c1 chip id: 1772078218,experiment_sample_name: AB_S8,OPC
healthy cortex cell 52,GSM1657922,tissue: hippocampus,cell type: OPC,age: postnatal 54 years,c1 chip id: 1772078218,experiment_sample_name: AB_S8,OPC
healthy cortex cell 53,GSM1657923,tissue: hippocampus,cell type: microglia,age: postnatal 54 years,c1 chip id: 1772078218,experiment_sample_name: AB_S8,microglia
healthy cortex cell 54,GSM1657924,tissue: hippocampus,cell type: OPC,age: postnatal 54 years,c1 chip id: 1772078218,experiment_sample_name: AB_S8,OPC
healthy cortex cell 55,GSM1657925,tissue: hippocampus,cell type: microglia,age: postnatal 54 years,c1 chip id: 1772078218,experiment_sample_name: AB_S8,microglia
healthy cortex cell 56,GSM1657926,tissue: hippocampus,cell type: microglia,age: postnatal 54 years,c1 chip id: 1772078218,experiment_sample_name: AB_S8,microglia
healthy cortex cell 57,GSM1657927,tissue: hippocampus,cell type: microglia,age: postnatal 54 years,c1 chip id: 1772078218,experiment_sample_name: AB_S8,microglia
healthy cortex cell 58,GSM1657928,tissue: hippocampus,cell type: OPC,age: postnatal 54 years,c1 chip id: 1772078218,experiment_sample_name: AB_S8,OPC
healthy cortex cell 59,GSM1657929,tissue: cortex,cell type: hybrid,age: postnatal 37 years,c1 chip id: 1772078236,experiment_sample_name: AB_S11,hybrid
healthy cortex cell 60,GSM1657930,tissue: cortex,cell type: neurons,age: postnatal 37 years,c1 chip id: 1772078236,experiment_sample_name: AB_S11,neurons
healthy cortex cell 61,GSM1657931,tissue: cortex,cell type: neurons,age: postnatal 37 years,c1 chip id: 1772078236,experiment_sample_name: AB_S11,neurons
healthy cortex cell 62,GSM1657932,tissue: cortex,cell type: astrocytes,age: postnatal 37 years,c1 chip id: 1772078236,experiment_sample_name: AB_S11,astrocytes
healthy cortex cell 63,GSM1657933,tissue: cortex,cell type: neurons,age: postnatal 37 years,c1 chip id: 1772078236,experiment_sample_name: AB_S11,neurons
healthy cortex cell 64,GSM1657934,tissue: cortex,cell type: microglia,age: postnatal 37 years,c1 chip id: 1772078236,experiment_sample_name: AB_S11,microglia
healthy cortex cell 65,GSM1657935,tissue: cortex,cell type: neurons,age: postnatal 37 years,c1 chip id: 1772078236,experiment_sample_name: AB_S11,neurons
healthy cortex cell 66,GSM1657936,tissue: cortex,cell type: hybrid,age: postnatal 37 years,c1 chip id: 1772078236,experiment_sample_name: AB_S11,hybrid
healthy cortex cell 67,GSM1657937,tissue: cortex,cell type: neurons,age: postnatal 37 years,c1 chip id: 1772078236,experiment_sample_name: AB_S11,neurons
healthy cortex cell 68,GSM1657938,tissue: cortex,cell type: astrocytes,age: postnatal 37 years,c1 chip id: 1772078236,experiment_sample_name: AB_S11,astrocytes
healthy cortex cell 69,GSM1657939,tissue: cortex,cell type: neurons,age: postnatal 37 years,c1 chip id: 1772078236,experiment_sample_name: AB_S11,neurons
healthy cortex cell 70,GSM1657940,tissue: cortex,cell type: neurons,age: postnatal 37 years,c1 chip id: 1772078236,experiment_sample_name: AB_S11,neurons
healthy cortex cell 71,GSM1657941,tissue: cortex,cell type: neurons,age: postnatal 37 years,c1 chip id: 1772078236,experiment_sample_name: AB_S11,neurons
healthy cortex cell 72,GSM1657942,tissue: cortex,cell type: neurons,age: postnatal 37 years,c1 chip id: 1772078236,experiment_sample_name: AB_S11,neurons
healthy cortex cell 73,GSM1657943,tissue: cortex,cell type: neurons,age: postnatal 37 years,c1 chip id: 1772078236,experiment_sample_name: AB_S11,neurons
healthy cortex cell 74,GSM1657944,tissue: cortex,cell type: oligodendrocytes,age: postnatal 37 years,c1 chip id: 1772078236,experiment_sample_name: AB_S11,oligodendrocytes
healthy cortex cell 75,GSM1657945,tissue: cortex,cell type: neurons,age: postnatal 37 years,c1 chip id: 1772078236,experiment_sample_name: AB_S11,neurons
healthy cortex cell 76,GSM1657946,tissue: cortex,cell type: neurons,age: postnatal 37 years,c1 chip id: 1772078236,experiment_sample_name: AB_S11,neurons
healthy cortex cell 77,GSM1657947,tissue: cortex,cell type: hybrid,age: postnatal 37 years,c1 chip id: 1772078236,experiment_sample_name: AB_S11,hybrid
healthy cortex cell 78,GSM1657948,tissue: cortex,cell type: neurons,age: postnatal 37 years,c1 chip id: 1772078236,experiment_sample_name: AB_S11,neurons
healthy cortex cell 79,GSM1657949,tissue: cortex,cell type: neurons,age: postnatal 37 years,c1 chip id: 1772078236,experiment_sample_name: AB_S11,neurons
healthy cortex cell 80,GSM1657950,tissue: cortex,cell type: neurons,age: postnatal 37 years,c1 chip id: 1772078236,experiment_sample_name: AB_S11,neurons
healthy cortex cell 81,GSM1657951,tissue: cortex,cell type: neurons,age: postnatal 37 years,c1 chip id: 1772078236,experiment_sample_name: AB_S11,neurons
healthy cortex cell 82,GSM1657952,tissue: cortex,cell type: neurons,age: postnatal 37 years,c1 chip id: 1772078236,experiment_sample_name: AB_S11,neurons
healthy cortex cell 83,GSM1657953,tissue: cortex,cell type: neurons,age: postnatal 37 years,c1 chip id: 1772078236,experiment_sample_name: AB_S11,neurons
healthy cortex cell 84,GSM1657954,tissue: cortex,cell type: neurons,age: postnatal 37 years,c1 chip id: 1772078236,experiment_sample_name: AB_S11,neurons
healthy cortex cell 85,GSM1657955,tissue: cortex,cell type: neurons,age: postnatal 37 years,c1 chip id: 1772078236,experiment_sample_name: AB_S11,neurons
healthy cortex cell 86,GSM1657956,tissue: cortex,cell type: neurons,age: postnatal 37 years,c1 chip id: 1772078236,experiment_sample_name: AB_S11,neurons
healthy cortex cell 87,GSM1657957,tissue: cortex,cell type: neurons,age: postnatal 37 years,c1 chip id: 1772078236,experiment_sample_name: AB_S11,neurons
healthy cortex cell 88,GSM1657958,tissue: cortex,cell type: neurons,age: postnatal 37 years,c1 chip id: 1772078236,experiment_sample_name: AB_S11,neurons
healthy cortex cell 89,GSM1657959,tissue: cortex,cell type: neurons,age: postnatal 37 years,c1 chip id: 1772078236,experiment_sample_name: AB_S11,neurons
healthy cortex cell 90,GSM1657960,tissue: cortex,cell type: neurons,age: postnatal 37 years,c1 chip id: 1772078236,experiment_sample_name: AB_S11,neurons
healthy cortex cell 91,GSM1657961,tissue: cortex,cell type: neurons,age: postnatal 37 years,c1 chip id: 1772078236,experiment_sample_name: AB_S11,neurons
healthy cortex cell 92,GSM1657962,tissue: cortex,cell type: neurons,age: postnatal 37 years,c1 chip id: 1772078236,experiment_sample_name: AB_S11,neurons
healthy cortex cell 93,GSM1657963,tissue: cortex,cell type: neurons,age: postnatal 37 years,c1 chip id: 1772078237,experiment_sample_name: AB_S11,neurons
healthy cortex cell 94,GSM1657964,tissue: cortex,cell type: neurons,age: postnatal 37 years,c1 chip id: 1772078237,experiment_sample_name: AB_S11,neurons
healthy cortex cell 95,GSM1657965,tissue: cortex,cell type: astrocytes,age: postnatal 37 years,c1 chip id: 1772078237,experiment_sample_name: AB_S11,astrocytes
healthy cortex cell 96,GSM1657966,tissue: cortex,cell type: neurons,age: postnatal 37 years,c1 chip id: 1772078237,experiment_sample_name: AB_S11,neurons
healthy cortex cell 97,GSM1657967,tissue: cortex,cell type: neurons,age: postnatal 37 years,c1 chip id: 1772078237,experiment_sample_name: AB_S11,neurons
healthy cortex cell 98,GSM1657968,tissue: cortex,cell type: neurons,age: postnatal 37 years,c1 chip id: 1772078237,experiment_sample_name: AB_S11,neurons
healthy cortex cell 99,GSM1657969,tissue: cortex,cell type: astrocytes,age: postnatal 37 years,c1 chip id: 1772078237,experiment_sample_name: AB_S11,astrocytes
healthy cortex cell 100,GSM1657970,tissue: cortex,cell type: neurons,age: postnatal 37 years,c1 chip id: 1772078237,experiment_sample_name: AB_S11,neurons
healthy cortex cell 101,GSM1657971,tissue: cortex,cell type: neurons,age: postnatal 37 years,c1 chip id: 1772078237,experiment_sample_name: AB_S11,neurons
healthy cortex cell 102,GSM1657972,tissue: cortex,cell type: endothelial,age: postnatal 37 years,c1 chip id: 1772078237,experiment_sample_name: AB_S11,endothelial
healthy cortex cell 103,GSM1657973,tissue: cortex,cell type: neurons,age: postnatal 37 years,c1 chip id: 1772078237,experiment_sample_name: AB_S11,neurons
healthy cortex cell 104,GSM1657974,tissue: cortex,cell type: neurons,age: postnatal 37 years,c1 chip id: 1772078237,experiment_sample_name: AB_S11,neurons
healthy cortex cell 105,GSM1657975,tissue: cortex,cell type: astrocytes,age: postnatal 37 years,c1 chip id: 1772078237,experiment_sample_name: AB_S11,astrocytes
healthy cortex cell 106,GSM1657976,tissue: cortex,cell type: neurons,age: postnatal 37 years,c1 chip id: 1772078237,experiment_sample_name: AB_S11,neurons
healthy cortex cell 107,GSM1657977,tissue: cortex,cell type: neurons,age: postnatal 37 years,c1 chip id: 1772078237,experiment_sample_name: AB_S11,neurons
healthy cortex cell 108,GSM1657978,tissue: cortex,cell type: neurons,age: postnatal 37 years,c1 chip id: 1772078237,experiment_sample_name: AB_S11,neurons
healthy cortex cell 109,GSM1657979,tissue: cortex,cell type: astrocytes,age: postnatal 37 years,c1 chip id: 1772078237,experiment_sample_name: AB_S11,astrocytes
healthy cortex cell 110,GSM1657980,tissue: cortex,cell type: neurons,age: postnatal 37 years,c1 chip id: 1772078237,experiment_sample_name: AB_S11,neurons
healthy cortex cell 111,GSM1657981,tissue: cortex,cell type: astrocytes,age: postnatal 37 years,c1 chip id: 1772078237,experiment_sample_name: AB_S11,astrocytes
healthy cortex cell 112,GSM1657982,tissue: cortex,cell type: neurons,age: postnatal 37 years,c1 chip id: 1772078237,experiment_sample_name: AB_S11,neurons
healthy cortex cell 113,GSM1657983,tissue: cortex,cell type: neurons,age: postnatal 37 years,c1 chip id: 1772078237,experiment_sample_name: AB_S11,neurons
healthy cortex cell 114,GSM1657984,tissue: cortex,cell type: neurons,age: postnatal 37 years,c1 chip id: 1772078237,experiment_sample_name: AB_S11,neurons
healthy cortex cell 115,GSM1657985,tissue: cortex,cell type: neurons,age: postnatal 37 years,c1 chip id: 1772078237,experiment_sample_name: AB_S11,neurons
healthy cortex cell 116,GSM1657986,tissue: cortex,cell type: neurons,age: postnatal 37 years,c1 chip id: 1772078237,experiment_sample_name: AB_S11,neurons
healthy cortex cell 117,GSM1657987,tissue: cortex,cell type: neurons,age: postnatal 37 years,c1 chip id: 1772078237,experiment_sample_name: AB_S11,neurons
healthy cortex cell 118,GSM1657988,tissue: cortex,cell type: neurons,age: postnatal 37 years,c1 chip id: 1772078237,experiment_sample_name: AB_S11,neurons
healthy cortex cell 119,GSM1657989,tissue: cortex,cell type: neurons,age: postnatal 37 years,c1 chip id: 1772078237,experiment_sample_name: AB_S11,neurons
healthy cortex cell 120,GSM1657990,tissue: cortex,cell type: neurons,age: postnatal 37 years,c1 chip id: 1772078237,experiment_sample_name: AB_S11,neurons
healthy cortex cell 121,GSM1657991,tissue: cortex,cell type: neurons,age: postnatal 37 years,c1 chip id: 1772078237,experiment_sample_name: AB_S11,neurons
healthy cortex cell 136,GSM1658006,tissue: cortex,cell type: astrocytes,age: postnatal 50 years,c1 chip id: nochipID2,experiment_sample_name: AB_S4,astrocytes
healthy cortex cell 137,GSM1658007,tissue: cortex,cell type: astrocytes,age: postnatal 50 years,c1 chip id: nochipID2,experiment_sample_name: AB_S4,astrocytes
healthy cortex cell 138,GSM1658008,tissue: cortex,cell type: hybrid,age: postnatal 50 years,c1 chip id: nochipID2,experiment_sample_name: AB_S4,hybrid
healthy cortex cell 139,GSM1658009,tissue: cortex,cell type: neurons,age: postnatal 50 years,c1 chip id: nochipID2,experiment_sample_name: AB_S4,neurons
healthy cortex cell 140,GSM1658010,tissue: cortex,cell type: astrocytes,age: postnatal 50 years,c1 chip id: nochipID2,experiment_sample_name: AB_S4,astrocytes
healthy cortex cell 141,GSM1658011,tissue: cortex,cell type: hybrid,age: postnatal 50 years,c1 chip id: nochipID2,experiment_sample_name: AB_S4,hybrid
healthy cortex cell 142,GSM1658012,tissue: cortex,cell type: neurons,age: postnatal 50 years,c1 chip id: nochipID2,experiment_sample_name: AB_S4,neurons
healthy cortex cell 143,GSM1658013,tissue: cortex,cell type: hybrid,age: postnatal 50 years,c1 chip id: nochipID2,experiment_sample_name: AB_S4,hybrid
healthy cortex cell 144,GSM1658014,tissue: cortex,cell type: neurons,age: postnatal 50 years,c1 chip id: nochipID2,experiment_sample_name: AB_S4,neurons
healthy cortex cell 145,GSM1658015,tissue: cortex,cell type: hybrid,age: postnatal 50 years,c1 chip id: nochipID2,experiment_sample_name: AB_S4,hybrid
healthy cortex cell 146,GSM1658016,tissue: cortex,cell type: astrocytes,age: postnatal 50 years,c1 chip id: nochipID2,experiment_sample_name: AB_S4,astrocytes
healthy cortex cell 147,GSM1658017,tissue: cortex,cell type: astrocytes,age: postnatal 50 years,c1 chip id: nochipID2,experiment_sample_name: AB_S4,astrocytes
healthy cortex cell 148,GSM1658018,tissue: cortex,cell type: oligodendrocytes,age: postnatal 50 years,c1 chip id: nochipID2,experiment_sample_name: AB_S4,oligodendrocytes
healthy cortex cell 149,GSM1658019,tissue: cortex,cell type: hybrid,age: postnatal 50 years,c1 chip id: nochipID2,experiment_sample_name: AB_S4,hybrid
healthy cortex cell 150,GSM1658020,tissue: cortex,cell type: astrocytes,age: postnatal 50 years,c1 chip id: nochipID2,experiment_sample_name: AB_S4,astrocytes
healthy cortex cell 151,GSM1658021,tissue: cortex,cell type: astrocytes,age: postnatal 50 years,c1 chip id: nochipID2,experiment_sample_name: AB_S4,astrocytes
healthy cortex cell 152,GSM1658022,tissue: cortex,cell type: hybrid,age: postnatal 50 years,c1 chip id: nochipID2,experiment_sample_name: AB_S4,hybrid
healthy cortex cell 153,GSM1658023,tissue: cortex,cell type: hybrid,age: postnatal 50 years,c1 chip id: nochipID2,experiment_sample_name: AB_S4,hybrid
healthy cortex cell 154,GSM1658024,tissue: cortex,cell type: hybrid,age: postnatal 50 years,c1 chip id: nochipID2,experiment_sample_name: AB_S4,hybrid
healthy cortex cell 155,GSM1658025,tissue: cortex,cell type: neurons,age: postnatal 50 years,c1 chip id: nochipID2,experiment_sample_name: AB_S4,neurons
healthy cortex cell 156,GSM1658026,tissue: cortex,cell type: astrocytes,age: postnatal 50 years,c1 chip id: nochipID2,experiment_sample_name: AB_S4,astrocytes
healthy cortex cell 157,GSM1658027,tissue: cortex,cell type: astrocytes,age: postnatal 50 years,c1 chip id: nochipID2,experiment_sample_name: AB_S4,astrocytes
healthy cortex cell 158,GSM1658028,tissue: cortex,cell type: hybrid,age: postnatal 50 years,c1 chip id: nochipID2,experiment_sample_name: AB_S4,hybrid
healthy cortex cell 159,GSM1658029,tissue: cortex,cell type: astrocytes,age: postnatal 50 years,c1 chip id: nochipID2,experiment_sample_name: AB_S4,astrocytes
healthy cortex cell 160,GSM1658030,tissue: cortex,cell type: hybrid,age: postnatal 50 years,c1 chip id: nochipID2,experiment_sample_name: AB_S4,hybrid
healthy cortex cell 161,GSM1658031,tissue: cortex,cell type: astrocytes,age: postnatal 50 years,c1 chip id: nochipID2,experiment_sample_name: AB_S4,astrocytes
healthy cortex cell 162,GSM1658032,tissue: cortex,cell type: neurons,age: postnatal 50 years,c1 chip id: nochipID2,experiment_sample_name: AB_S4,neurons
healthy cortex cell 163,GSM1658033,tissue: cortex,cell type: neurons,age: postnatal 50 years,c1 chip id: nochipID2,experiment_sample_name: AB_S4,neurons
healthy cortex cell 164,GSM1658034,tissue: cortex,cell type: neurons,age: postnatal 50 years,c1 chip id: nochipID2,experiment_sample_name: AB_S4,neurons
healthy cortex cell 165,GSM1658035,tissue: cortex,cell type: neurons,age: postnatal 50 years,c1 chip id: nochipID2,experiment_sample_name: AB_S4,neurons
healthy cortex cell 166,GSM1658036,tissue: cortex,cell type: hybrid,age: postnatal 50 years,c1 chip id: nochipID2,experiment_sample_name: AB_S4,hybrid
healthy cortex cell 167,GSM1658037,tissue: cortex,cell type: neurons,age: postnatal 50 years,c1 chip id: nochipID2,experiment_sample_name: AB_S4,neurons
healthy cortex cell 168,GSM1658038,tissue: cortex,cell type: neurons,age: postnatal 50 years,c1 chip id: nochipID2,experiment_sample_name: AB_S4,neurons
healthy cortex cell 169,GSM1658039,tissue: cortex,cell type: neurons,age: postnatal 50 years,c1 chip id: nochipID2,experiment_sample_name: AB_S4,neurons
healthy cortex cell 170,GSM1658040,tissue: cortex,cell type: neurons,age: postnatal 50 years,c1 chip id: nochipID2,experiment_sample_name: AB_S4,neurons
healthy cortex cell 171,GSM1658041,tissue: cortex,cell type: neurons,age: postnatal 50 years,c1 chip id: nochipID2,experiment_sample_name: AB_S4,neurons
healthy cortex cell 172,GSM1658042,tissue: cortex,cell type: neurons,age: postnatal 50 years,c1 chip id: nochipID2,experiment_sample_name: AB_S4,neurons
healthy cortex cell 173,GSM1658043,tissue: cortex,cell type: astrocytes,age: postnatal 50 years,c1 chip id: nochipID2,experiment_sample_name: AB_S4,astrocytes
healthy cortex cell 174,GSM1658044,tissue: cortex,cell type: hybrid,age: postnatal 50 years,c1 chip id: nochipID2,experiment_sample_name: AB_S4,hybrid
healthy cortex cell 175,GSM1658045,tissue: cortex,cell type: astrocytes,age: postnatal 50 years,c1 chip id: nochipID2,experiment_sample_name: AB_S4,astrocytes
healthy cortex cell 176,GSM1658046,tissue: cortex,cell type: neurons,age: postnatal 50 years,c1 chip id: nochipID2,experiment_sample_name: AB_S4,neurons
healthy cortex cell 177,GSM1658047,tissue: cortex,cell type: hybrid,age: postnatal 50 years,c1 chip id: nochipID2,experiment_sample_name: AB_S4,hybrid
healthy cortex cell 178,GSM1658048,tissue: cortex,cell type: astrocytes,age: postnatal 50 years,c1 chip id: nochipID2,experiment_sample_name: AB_S4,astrocytes
healthy cortex cell 179,GSM1658049,tissue: cortex,cell type: astrocytes,age: postnatal 50 years,c1 chip id: nochipID2,experiment_sample_name: AB_S4,astrocytes
healthy cortex cell 180,GSM1658050,tissue: cortex,cell type: astrocytes,age: postnatal 50 years,c1 chip id: nochipID2,experiment_sample_name: AB_S4,astrocytes
healthy cortex cell 181,GSM1658051,tissue: cortex,cell type: astrocytes,age: postnatal 50 years,c1 chip id: nochipID2,experiment_sample_name: AB_S4,astrocytes
healthy cortex cell 182,GSM1658052,tissue: cortex,cell type: neurons,age: postnatal 50 years,c1 chip id: nochipID2,experiment_sample_name: AB_S4,neurons
healthy cortex cell 183,GSM1658053,tissue: cortex,cell type: astrocytes,age: postnatal 50 years,c1 chip id: nochipID2,experiment_sample_name: AB_S4,astrocytes
healthy cortex cell 184,GSM1658054,tissue: cortex,cell type: astrocytes,age: postnatal 50 years,c1 chip id: nochipID2,experiment_sample_name: AB_S4,astrocytes
healthy cortex cell 185,GSM1658055,tissue: cortex,cell type: astrocytes,age: postnatal 50 years,c1 chip id: nochipID2,experiment_sample_name: AB_S4,astrocytes
healthy cortex cell 186,GSM1658056,tissue: cortex,cell type: astrocytes,age: postnatal 50 years,c1 chip id: nochipID2,experiment_sample_name: AB_S4,astrocytes
healthy cortex cell 187,GSM1658057,tissue: cortex,cell type: hybrid,age: postnatal 50 years,c1 chip id: nochipID2,experiment_sample_name: AB_S4,hybrid
healthy cortex cell 188,GSM1658058,tissue: cortex,cell type: neurons,age: postnatal 50 years,c1 chip id: nochipID2,experiment_sample_name: AB_S4,neurons
healthy cortex cell 189,GSM1658059,tissue: cortex,cell type: astrocytes,age: postnatal 50 years,c1 chip id: nochipID2,experiment_sample_name: AB_S4,astrocytes
healthy cortex cell 190,GSM1658060,tissue: cortex,cell type: astrocytes,age: postnatal 50 years,c1 chip id: nochipID2,experiment_sample_name: AB_S4,astrocytes
healthy cortex cell 191,GSM1658061,tissue: cortex,cell type: astrocytes,age: postnatal 50 years,c1 chip id: nochipID2,experiment_sample_name: AB_S4,astrocytes
healthy cortex cell 192,GSM1658062,tissue: cortex,cell type: astrocytes,age: postnatal 50 years,c1 chip id: nochipID2,experiment_sample_name: AB_S4,astrocytes
healthy cortex cell 193,GSM1658063,tissue: cortex,cell type: neurons,age: postnatal 50 years,c1 chip id: nochipID2,experiment_sample_name: AB_S4,neurons
healthy cortex cell 194,GSM1658064,tissue: cortex,cell type: astrocytes,age: postnatal 50 years,c1 chip id: nochipID2,experiment_sample_name: AB_S4,astrocytes
healthy cortex cell 195,GSM1658065,tissue: cortex,cell type: astrocytes,age: postnatal 50 years,c1 chip id: nochipID2,experiment_sample_name: AB_S4,astrocytes
healthy cortex cell 196,GSM1658066,tissue: cortex,cell type: astrocytes,age: postnatal 50 years,c1 chip id: nochipID2,experiment_sample_name: AB_S4,astrocytes
healthy cortex cell 197,GSM1658067,tissue: cortex,cell type: astrocytes,age: postnatal 50 years,c1 chip id: nochipID2,experiment_sample_name: AB_S4,astrocytes
healthy cortex cell 198,GSM1658068,tissue: cortex,cell type: astrocytes,age: postnatal 50 years,c1 chip id: nochipID2,experiment_sample_name: AB_S4,astrocytes
healthy cortex cell 199,GSM1658069,tissue: cortex,cell type: astrocytes,age: postnatal 50 years,c1 chip id: nochipID2,experiment_sample_name: AB_S4,astrocytes
healthy cortex cell 200,GSM1658070,tissue: cortex,cell type: hybrid,age: postnatal 50 years,c1 chip id: nochipID2,experiment_sample_name: AB_S4,hybrid
healthy cortex cell 201,GSM1658071,tissue: cortex,cell type: astrocytes,age: postnatal 50 years,c1 chip id: nochipID2,experiment_sample_name: AB_S4,astrocytes
healthy cortex cell 202,GSM1658072,tissue: cortex,cell type: astrocytes,age: postnatal 50 years,c1 chip id: nochipID2,experiment_sample_name: AB_S4,astrocytes
healthy cortex cell 203,GSM1658073,tissue: cortex,cell type: astrocytes,age: postnatal 50 years,c1 chip id: nochipID2,experiment_sample_name: AB_S4,astrocytes
healthy cortex cell 204,GSM1658074,tissue: cortex,cell type: hybrid,age: postnatal 50 years,c1 chip id: nochipID2,experiment_sample_name: AB_S4,hybrid
healthy cortex cell 205,GSM1658075,tissue: cortex,cell type: hybrid,age: postnatal 50 years,c1 chip id: nochipID2,experiment_sample_name: AB_S4,hybrid
healthy cortex cell 206,GSM1658076,tissue: cortex,cell type: hybrid,age: postnatal 50 years,c1 chip id: nochipID2,experiment_sample_name: AB_S4,hybrid
healthy cortex cell 207,GSM1658077,tissue: cortex,cell type: hybrid,age: postnatal 50 years,c1 chip id: nochipID2,experiment_sample_name: AB_S4,hybrid
healthy cortex cell 208,GSM1658078,tissue: cortex,cell type: astrocytes,age: postnatal 50 years,c1 chip id: nochipID2,experiment_sample_name: AB_S4,astrocytes
healthy cortex cell 209,GSM1658079,tissue: cortex,cell type: astrocytes,age: postnatal 50 years,c1 chip id: nochipID2,experiment_sample_name: AB_S4,astrocytes
healthy cortex cell 210,GSM1658080,tissue: cortex,cell type: neurons,age: postnatal 50 years,c1 chip id: nochipID2,experiment_sample_name: AB_S4,neurons
healthy cortex cell 211,GSM1658081,tissue: cortex,cell type: astrocytes,age: postnatal 50 years,c1 chip id: nochipID2,experiment_sample_name: AB_S4,astrocytes
healthy cortex cell 212,GSM1658082,tissue: cortex,cell type: astrocytes,age: postnatal 50 years,c1 chip id: nochipID2,experiment_sample_name: AB_S4,astrocytes
healthy cortex cell 213,GSM1658083,tissue: cortex,cell type: endothelial,age: postnatal 63 years,c1 chip id: nochipID3,experiment_sample_name: AB_S5,endothelial
healthy cortex cell 214,GSM1658084,tissue: cortex,cell type: neurons,age: postnatal 63 years,c1 chip id: nochipID3,experiment_sample_name: AB_S5,neurons
healthy cortex cell 215,GSM1658085,tissue: cortex,cell type: endothelial,age: postnatal 63 years,c1 chip id: nochipID3,experiment_sample_name: AB_S5,endothelial
healthy cortex cell 216,GSM1658086,tissue: cortex,cell type: endothelial,age: postnatal 63 years,c1 chip id: nochipID3,experiment_sample_name: AB_S5,endothelial
healthy cortex cell 217,GSM1658087,tissue: cortex,cell type: neurons,age: postnatal 63 years,c1 chip id: nochipID3,experiment_sample_name: AB_S5,neurons
healthy cortex cell 218,GSM1658088,tissue: cortex,cell type: oligodendrocytes,age: postnatal 63 years,c1 chip id: nochipID3,experiment_sample_name: AB_S5,oligodendrocytes
healthy cortex cell 219,GSM1658089,tissue: cortex,cell type: endothelial,age: postnatal 63 years,c1 chip id: nochipID3,experiment_sample_name: AB_S5,endothelial
healthy cortex cell 220,GSM1658090,tissue: cortex,cell type: neurons,age: postnatal 63 years,c1 chip id: nochipID3,experiment_sample_name: AB_S5,neurons
healthy cortex cell 221,GSM1658091,tissue: cortex,cell type: neurons,age: postnatal 63 years,c1 chip id: nochipID3,experiment_sample_name: AB_S5,neurons
healthy cortex cell 222,GSM1658092,tissue: cortex,cell type: endothelial,age: postnatal 63 years,c1 chip id: nochipID3,experiment_sample_name: AB_S5,endothelial
healthy cortex cell 223,GSM1658093,tissue: cortex,cell type: oligodendrocytes,age: postnatal 63 years,c1 chip id: nochipID3,experiment_sample_name: AB_S5,oligodendrocytes
healthy cortex cell 224,GSM1658094,tissue: cortex,cell type: endothelial,age: postnatal 63 years,c1 chip id: nochipID3,experiment_sample_name: AB_S5,endothelial
healthy cortex cell 225,GSM1658095,tissue: cortex,cell type: neurons,age: postnatal 63 years,c1 chip id: nochipID3,experiment_sample_name: AB_S5,neurons
healthy cortex cell 226,GSM1658096,tissue: cortex,cell type: endothelial,age: postnatal 63 years,c1 chip id: nochipID3,experiment_sample_name: AB_S5,endothelial
healthy cortex cell 227,GSM1658097,tissue: cortex,cell type: oligodendrocytes,age: postnatal 63 years,c1 chip id: nochipID3,experiment_sample_name: AB_S5,oligodendrocytes
healthy cortex cell 228,GSM1658098,tissue: cortex,cell type: endothelial,age: postnatal 63 years,c1 chip id: nochipID3,experiment_sample_name: AB_S5,endothelial
healthy cortex cell 229,GSM1658099,tissue: cortex,cell type: endothelial,age: postnatal 63 years,c1 chip id: nochipID3,experiment_sample_name: AB_S5,endothelial
healthy cortex cell 230,GSM1658100,tissue: cortex,cell type: endothelial,age: postnatal 63 years,c1 chip id: nochipID3,experiment_sample_name: AB_S5,endothelial
healthy cortex cell 231,GSM1658101,tissue: cortex,cell type: neurons,age: postnatal 63 years,c1 chip id: nochipID3,experiment_sample_name: AB_S5,neurons
healthy cortex cell 232,GSM1658102,tissue: cortex,cell type: endothelial,age: postnatal 63 years,c1 chip id: nochipID3,experiment_sample_name: AB_S5,endothelial
healthy cortex cell 233,GSM1658103,tissue: cortex,cell type: neurons,age: postnatal 63 years,c1 chip id: nochipID3,experiment_sample_name: AB_S5,neurons
healthy cortex cell 234,GSM1658104,tissue: cortex,cell type: neurons,age: postnatal 63 years,c1 chip id: nochipID3,experiment_sample_name: AB_S5,neurons
healthy cortex cell 235,GSM1658105,tissue: cortex,cell type: neurons,age: postnatal 63 years,c1 chip id: nochipID3,experiment_sample_name: AB_S5,neurons
healthy cortex cell 236,GSM1658106,tissue: cortex,cell type: neurons,age: postnatal 63 years,c1 chip id: nochipID3,experiment_sample_name: AB_S5,neurons
healthy cortex cell 237,GSM1658107,tissue: cortex,cell type: neurons,age: postnatal 63 years,c1 chip id: nochipID3,experiment_sample_name: AB_S5,neurons
healthy cortex cell 238,GSM1658108,tissue: cortex,cell type: neurons,age: postnatal 63 years,c1 chip id: nochipID3,experiment_sample_name: AB_S5,neurons
healthy cortex cell 239,GSM1658109,tissue: cortex,cell type: endothelial,age: postnatal 63 years,c1 chip id: nochipID3,experiment_sample_name: AB_S5,endothelial
healthy cortex cell 240,GSM1658110,tissue: cortex,cell type: neurons,age: postnatal 63 years,c1 chip id: nochipID3,experiment_sample_name: AB_S5,neurons
healthy cortex cell 241,GSM1658111,tissue: cortex,cell type: neurons,age: postnatal 63 years,c1 chip id: nochipID3,experiment_sample_name: AB_S5,neurons
healthy cortex cell 242,GSM1658112,tissue: cortex,cell type: endothelial,age: postnatal 63 years,c1 chip id: nochipID3,experiment_sample_name: AB_S5,endothelial
healthy cortex cell 243,GSM1658113,tissue: cortex,cell type: neurons,age: postnatal 63 years,c1 chip id: nochipID3,experiment_sample_name: AB_S5,neurons
healthy cortex cell 244,GSM1658114,tissue: cortex,cell type: neurons,age: postnatal 63 years,c1 chip id: nochipID3,experiment_sample_name: AB_S5,neurons
healthy cortex cell 245,GSM1658115,tissue: cortex,cell type: neurons,age: postnatal 63 years,c1 chip id: nochipID3,experiment_sample_name: AB_S5,neurons
healthy cortex cell 246,GSM1658116,tissue: hippocampus,cell type: microglia,age: postnatal 63 years,c1 chip id: nochipID5,experiment_sample_name: AB_S5,microglia
healthy cortex cell 247,GSM1658117,tissue: hippocampus,cell type: endothelial,age: postnatal 63 years,c1 chip id: nochipID5,experiment_sample_name: AB_S5,endothelial
healthy cortex cell 248,GSM1658118,tissue: hippocampus,cell type: oligodendrocytes,age: postnatal 63 years,c1 chip id: nochipID5,experiment_sample_name: AB_S5,oligodendrocytes
healthy cortex cell 249,GSM1658119,tissue: hippocampus,cell type: oligodendrocytes,age: postnatal 63 years,c1 chip id: nochipID5,experiment_sample_name: AB_S5,oligodendrocytes
healthy cortex cell 250,GSM1658120,tissue: hippocampus,cell type: oligodendrocytes,age: postnatal 63 years,c1 chip id: nochipID5,experiment_sample_name: AB_S5,oligodendrocytes
healthy cortex cell 251,GSM1658121,tissue: hippocampus,cell type: neurons,age: postnatal 63 years,c1 chip id: nochipID5,experiment_sample_name: AB_S5,neurons
healthy cortex cell 252,GSM1658122,tissue: hippocampus,cell type: endothelial,age: postnatal 63 years,c1 chip id: nochipID5,experiment_sample_name: AB_S5,endothelial
healthy cortex cell 253,GSM1658123,tissue: hippocampus,cell type: oligodendrocytes,age: postnatal 63 years,c1 chip id: nochipID5,experiment_sample_name: AB_S5,oligodendrocytes
healthy cortex cell 254,GSM1658124,tissue: hippocampus,cell type: oligodendrocytes,age: postnatal 63 years,c1 chip id: nochipID5,experiment_sample_name: AB_S5,oligodendrocytes
healthy cortex cell 255,GSM1658125,tissue: hippocampus,cell type: oligodendrocytes,age: postnatal 63 years,c1 chip id: nochipID5,experiment_sample_name: AB_S5,oligodendrocytes
healthy cortex cell 256,GSM1658126,tissue: hippocampus,cell type: endothelial,age: postnatal 63 years,c1 chip id: nochipID5,experiment_sample_name: AB_S5,endothelial
healthy cortex cell 257,GSM1658127,tissue: cortex,cell type: neurons,age: postnatal 21 years,c1 chip id: nochipID8,experiment_sample_name: AB_S7,neurons
healthy cortex cell 258,GSM1658128,tissue: cortex,cell type: neurons,age: postnatal 21 years,c1 chip id: nochipID8,experiment_sample_name: AB_S7,neurons
healthy cortex cell 259,GSM1658129,tissue: cortex,cell type: neurons,age: postnatal 21 years,c1 chip id: nochipID8,experiment_sample_name: AB_S7,neurons
healthy cortex cell 260,GSM1658130,tissue: cortex,cell type: oligodendrocytes,age: postnatal 21 years,c1 chip id: nochipID8,experiment_sample_name: AB_S7,oligodendrocytes
healthy cortex cell 261,GSM1658131,tissue: cortex,cell type: neurons,age: postnatal 21 years,c1 chip id: nochipID8,experiment_sample_name: AB_S7,neurons
healthy cortex cell 262,GSM1658132,tissue: cortex,cell type: hybrid,age: postnatal 21 years,c1 chip id: nochipID8,experiment_sample_name: AB_S7,hybrid
healthy cortex cell 263,GSM1658133,tissue: cortex,cell type: oligodendrocytes,age: postnatal 21 years,c1 chip id: nochipID8,experiment_sample_name: AB_S7,oligodendrocytes
healthy cortex cell 264,GSM1658134,tissue: cortex,cell type: neurons,age: postnatal 21 years,c1 chip id: nochipID8,experiment_sample_name: AB_S7,neurons
healthy cortex cell 265,GSM1658135,tissue: cortex,cell type: neurons,age: postnatal 21 years,c1 chip id: nochipID8,experiment_sample_name: AB_S7,neurons
healthy cortex cell 266,GSM1658136,tissue: cortex,cell type: neurons,age: postnatal 21 years,c1 chip id: nochipID8,experiment_sample_name: AB_S7,neurons
healthy cortex cell 267,GSM1658137,tissue: cortex,cell type: neurons,age: postnatal 21 years,c1 chip id: nochipID8,experiment_sample_name: AB_S7,neurons
healthy cortex cell 268,GSM1658138,tissue: cortex,cell type: neurons,age: postnatal 21 years,c1 chip id: nochipID8,experiment_sample_name: AB_S7,neurons
healthy cortex cell 269,GSM1658139,tissue: cortex,cell type: neurons,age: postnatal 21 years,c1 chip id: nochipID8,experiment_sample_name: AB_S7,neurons
healthy cortex cell 270,GSM1658140,tissue: cortex,cell type: oligodendrocytes,age: postnatal 21 years,c1 chip id: nochipID8,experiment_sample_name: AB_S7,oligodendrocytes
healthy cortex cell 271,GSM1658141,tissue: cortex,cell type: neurons,age: postnatal 21 years,c1 chip id: nochipID8,experiment_sample_name: AB_S7,neurons
healthy cortex cell 272,GSM1658142,tissue: cortex,cell type: astrocytes,age: postnatal 21 years,c1 chip id: nochipID8,experiment_sample_name: AB_S7,astrocytes
healthy cortex cell 273,GSM1658143,tissue: cortex,cell type: neurons,age: postnatal 21 years,c1 chip id: nochipID8,experiment_sample_name: AB_S7,neurons
healthy cortex cell 274,GSM1658144,tissue: cortex,cell type: hybrid,age: postnatal 21 years,c1 chip id: nochipID8,experiment_sample_name: AB_S7,hybrid
healthy cortex cell 275,GSM1658145,tissue: cortex,cell type: neurons,age: postnatal 21 years,c1 chip id: nochipID8,experiment_sample_name: AB_S7,neurons
healthy cortex cell 276,GSM1658146,tissue: cortex,cell type: neurons,age: postnatal 21 years,c1 chip id: nochipID8,experiment_sample_name: AB_S7,neurons
healthy cortex cell 277,GSM1658147,tissue: cortex,cell type: neurons,age: postnatal 21 years,c1 chip id: nochipID8,experiment_sample_name: AB_S7,neurons
healthy cortex cell 278,GSM1658148,tissue: cortex,cell type: neurons,age: postnatal 21 years,c1 chip id: nochipID8,experiment_sample_name: AB_S7,neurons
healthy cortex cell 279,GSM1658149,tissue: cortex,cell type: neurons,age: postnatal 21 years,c1 chip id: nochipID8,experiment_sample_name: AB_S7,neurons
healthy cortex cell 280,GSM1658150,tissue: cortex,cell type: neurons,age: postnatal 21 years,c1 chip id: nochipID8,experiment_sample_name: AB_S7,neurons
healthy cortex cell 281,GSM1658151,tissue: cortex,cell type: neurons,age: postnatal 21 years,c1 chip id: nochipID8,experiment_sample_name: AB_S7,neurons
healthy cortex cell 282,GSM1658152,tissue: cortex,cell type: neurons,age: postnatal 21 years,c1 chip id: nochipID8,experiment_sample_name: AB_S7,neurons
healthy cortex cell 283,GSM1658153,tissue: cortex,cell type: neurons,age: postnatal 21 years,c1 chip id: nochipID8,experiment_sample_name: AB_S7,neurons
healthy cortex cell 284,GSM1658154,tissue: cortex,cell type: hybrid,age: postnatal 21 years,c1 chip id: nochipID8,experiment_sample_name: AB_S7,hybrid
healthy cortex cell 285,GSM1658155,tissue: cortex,cell type: oligodendrocytes,age: postnatal 21 years,c1 chip id: nochipID8,experiment_sample_name: AB_S7,oligodendrocytes
healthy cortex cell 286,GSM1658156,tissue: cortex,cell type: neurons,age: postnatal 21 years,c1 chip id: nochipID8,experiment_sample_name: AB_S7,neurons
healthy cortex cell 287,GSM1658157,tissue: cortex,cell type: oligodendrocytes,age: postnatal 21 years,c1 chip id: nochipID8,experiment_sample_name: AB_S7,oligodendrocytes
healthy cortex cell 288,GSM1658158,tissue: cortex,cell type: neurons,age: postnatal 21 years,c1 chip id: nochipID8,experiment_sample_name: AB_S7,neurons
healthy cortex cell 289,GSM1658159,tissue: cortex,cell type: oligodendrocytes,age: postnatal 21 years,c1 chip id: nochipID8,experiment_sample_name: AB_S7,oligodendrocytes
healthy cortex cell 290,GSM1658160,tissue: cortex,cell type: neurons,age: postnatal 21 years,c1 chip id: nochipID8,experiment_sample_name: AB_S7,neurons
healthy cortex cell 291,GSM1658161,tissue: cortex,cell type: hybrid,age: postnatal 21 years,c1 chip id: nochipID8,experiment_sample_name: AB_S7,hybrid
healthy cortex cell 292,GSM1658162,tissue: cortex,cell type: oligodendrocytes,age: postnatal 21 years,c1 chip id: nochipID8,experiment_sample_name: AB_S7,oligodendrocytes
healthy cortex cell 293,GSM1658163,tissue: cortex,cell type: neurons,age: postnatal 21 years,c1 chip id: nochipID8,experiment_sample_name: AB_S7,neurons
healthy cortex cell 294,GSM1658164,tissue: cortex,cell type: oligodendrocytes,age: postnatal 21 years,c1 chip id: nochipID8,experiment_sample_name: AB_S7,oligodendrocytes
healthy cortex cell 295,GSM1658165,tissue: cortex,cell type: hybrid,age: postnatal 21 years,c1 chip id: nochipID8,experiment_sample_name: AB_S7,hybrid
healthy cortex cell 296,GSM1658166,tissue: cortex,cell type: neurons,age: postnatal 21 years,c1 chip id: nochipID8,experiment_sample_name: AB_S7,neurons
healthy cortex cell 297,GSM1658167,tissue: cortex,cell type: oligodendrocytes,age: postnatal 21 years,c1 chip id: nochipID8,experiment_sample_name: AB_S7,oligodendrocytes
healthy cortex cell 298,GSM1658168,tissue: cortex,cell type: astrocytes,age: postnatal 21 years,c1 chip id: nochipID8,experiment_sample_name: AB_S7,astrocytes
healthy cortex cell 299,GSM1658169,tissue: cortex,cell type: neurons,age: postnatal 21 years,c1 chip id: nochipID8,experiment_sample_name: AB_S7,neurons
healthy cortex cell 300,GSM1658170,tissue: cortex,cell type: neurons,age: postnatal 21 years,c1 chip id: nochipID8,experiment_sample_name: AB_S7,neurons
healthy cortex cell 301,GSM1658171,tissue: cortex,cell type: neurons,age: postnatal 21 years,c1 chip id: nochipID8,experiment_sample_name: AB_S7,neurons
healthy cortex cell 302,GSM1658172,tissue: cortex,cell type: neurons,age: postnatal 21 years,c1 chip id: nochipID8,experiment_sample_name: AB_S7,neurons
healthy cortex cell 303,GSM1658173,tissue: cortex,cell type: oligodendrocytes,age: postnatal 21 years,c1 chip id: nochipID8,experiment_sample_name: AB_S7,oligodendrocytes
healthy cortex cell 304,GSM1658174,tissue: cortex,cell type: astrocytes,age: postnatal 21 years,c1 chip id: nochipID8,experiment_sample_name: AB_S7,astrocytes
healthy cortex cell 305,GSM1658175,tissue: cortex,cell type: neurons,age: postnatal 21 years,c1 chip id: nochipID8,experiment_sample_name: AB_S7,neurons
healthy cortex cell 306,GSM1658176,tissue: cortex,cell type: neurons,age: postnatal 21 years,c1 chip id: nochipID8,experiment_sample_name: AB_S7,neurons
healthy cortex cell 307,GSM1658177,tissue: cortex,cell type: neurons,age: postnatal 21 years,c1 chip id: nochipID8,experiment_sample_name: AB_S7,neurons
healthy cortex cell 308,GSM1658178,tissue: cortex,cell type: hybrid,age: postnatal 21 years,c1 chip id: nochipID8,experiment_sample_name: AB_S7,hybrid
healthy cortex cell 309,GSM1658179,tissue: cortex,cell type: oligodendrocytes,age: postnatal 21 years,c1 chip id: nochipID8,experiment_sample_name: AB_S7,oligodendrocytes
healthy cortex cell 310,GSM1658180,tissue: cortex,cell type: oligodendrocytes,age: postnatal 21 years,c1 chip id: nochipID8,experiment_sample_name: AB_S7,oligodendrocytes
healthy cortex cell 311,GSM1658181,tissue: cortex,cell type: neurons,age: postnatal 21 years,c1 chip id: nochipID8,experiment_sample_name: AB_S7,neurons
healthy cortex cell 312,GSM1658182,tissue: cortex,cell type: neurons,age: postnatal 21 years,c1 chip id: nochipID8,experiment_sample_name: AB_S7,neurons
healthy cortex cell 313,GSM1658183,tissue: cortex,cell type: hybrid,age: postnatal 21 years,c1 chip id: nochipID8,experiment_sample_name: AB_S7,hybrid
healthy cortex cell 438,GSM1658338,tissue: cortex,cell type: fetal_quiescent,age: prenatal 16-18 W,c1 chip id: nochipID4,experiment_sample_name: FB_S6,fetal_quiescent
healthy cortex cell 439,GSM1658339,tissue: cortex,cell type: fetal_quiescent,age: prenatal 16-18 W,c1 chip id: nochipID4,experiment_sample_name: FB_S6,fetal_quiescent
healthy cortex cell 440,GSM1658340,tissue: cortex,cell type: fetal_quiescent,age: prenatal 16-18 W,c1 chip id: nochipID4,experiment_sample_name: FB_S6,fetal_quiescent
healthy cortex cell 441,GSM1658341,tissue: cortex,cell type: fetal_quiescent,age: prenatal 16-18 W,c1 chip id: nochipID4,experiment_sample_name: FB_S6,fetal_quiescent
healthy cortex cell 442,GSM1658342,tissue: cortex,cell type: fetal_quiescent,age: prenatal 16-18 W,c1 chip id: nochipID4,experiment_sample_name: FB_S6,fetal_quiescent
healthy cortex cell 443,GSM1658343,tissue: cortex,cell type: fetal_quiescent,age: prenatal 16-18 W,c1 chip id: nochipID4,experiment_sample_name: FB_S6,fetal_quiescent
healthy cortex cell 444,GSM1658344,tissue: cortex,cell type: fetal_quiescent,age: prenatal 16-18 W,c1 chip id: nochipID4,experiment_sample_name: FB_S6,fetal_quiescent
healthy cortex cell 445,GSM1658345,tissue: cortex,cell type: fetal_quiescent,age: prenatal 16-18 W,c1 chip id: nochipID4,experiment_sample_name: FB_S6,fetal_quiescent
healthy cortex cell 446,GSM1658346,tissue: cortex,cell type: fetal_quiescent,age: prenatal 16-18 W,c1 chip id: nochipID4,experiment_sample_name: FB_S6,fetal_quiescent
healthy cortex cell 447,GSM1658347,tissue: cortex,cell type: fetal_replicating,age: prenatal 16-18 W,c1 chip id: nochipID4,experiment_sample_name: FB_S6,fetal_replicating
healthy cortex cell 448,GSM1658348,tissue: cortex,cell type: fetal_quiescent,age: prenatal 16-18 W,c1 chip id: nochipID4,experiment_sample_name: FB_S6,fetal_quiescent
healthy cortex cell 449,GSM1658349,tissue: cortex,cell type: fetal_quiescent,age: prenatal 16-18 W,c1 chip id: nochipID4,experiment_sample_name: FB_S6,fetal_quiescent
healthy cortex cell 450,GSM1658350,tissue: cortex,cell type: fetal_quiescent,age: prenatal 16-18 W,c1 chip id: nochipID4,experiment_sample_name: FB_S6,fetal_quiescent
healthy cortex cell 451,GSM1658351,tissue: cortex,cell type: fetal_quiescent,age: prenatal 16-18 W,c1 chip id: nochipID4,experiment_sample_name: FB_S6,fetal_quiescent
healthy cortex cell 452,GSM1658352,tissue: cortex,cell type: fetal_quiescent,age: prenatal 16-18 W,c1 chip id: nochipID4,experiment_sample_name: FB_S6,fetal_quiescent
healthy cortex cell 453,GSM1658353,tissue: cortex,cell type: fetal_quiescent,age: prenatal 16-18 W,c1 chip id: nochipID4,experiment_sample_name: FB_S6,fetal_quiescent
healthy cortex cell 454,GSM1658354,tissue: cortex,cell type: fetal_quiescent,age: prenatal 16-18 W,c1 chip id: nochipID4,experiment_sample_name: FB_S6,fetal_quiescent
healthy cortex cell 455,GSM1658355,tissue: cortex,cell type: fetal_replicating,age: prenatal 16-18 W,c1 chip id: nochipID4,experiment_sample_name: FB_S6,fetal_replicating
healthy cortex cell 456,GSM1658356,tissue: cortex,cell type: fetal_quiescent,age: prenatal 16-18 W,c1 chip id: nochipID4,experiment_sample_name: FB_S6,fetal_quiescent
healthy cortex cell 457,GSM1658357,tissue: cortex,cell type: fetal_quiescent,age: prenatal 16-18 W,c1 chip id: nochipID4,experiment_sample_name: FB_S6,fetal_quiescent
healthy cortex cell 458,GSM1658358,tissue: cortex,cell type: fetal_quiescent,age: prenatal 16-18 W,c1 chip id: nochipID4,experiment_sample_name: FB_S6,fetal_quiescent
healthy cortex cell 459,GSM1658359,tissue: cortex,cell type: fetal_quiescent,age: prenatal 16-18 W,c1 chip id: nochipID4,experiment_sample_name: FB_S6,fetal_quiescent
healthy cortex cell 460,GSM1658360,tissue: cortex,cell type: fetal_quiescent,age: prenatal 16-18 W,c1 chip id: nochipID4,experiment_sample_name: FB_S6,fetal_quiescent
healthy cortex cell 461,GSM1658361,tissue: cortex,cell type: fetal_quiescent,age: prenatal 16-18 W,c1 chip id: nochipID4,experiment_sample_name: FB_S6,fetal_quiescent
healthy cortex cell 462,GSM1658362,tissue: cortex,cell type: fetal_quiescent,age: prenatal 16-18 W,c1 chip id: nochipID4,experiment_sample_name: FB_S6,fetal_quiescent
healthy cortex cell 463,GSM1658363,tissue: cortex,cell type: fetal_quiescent,age: prenatal 16-18 W,c1 chip id: nochipID4,experiment_sample_name: FB_S6,fetal_quiescent
healthy cortex cell 464,GSM1658364,tissue: cortex,cell type: fetal_quiescent,age: prenatal 16-18 W,c1 chip id: nochipID4,experiment_sample_name: FB_S6,fetal_quiescent
healthy cortex cell 465,GSM1658365,tissue: cortex,cell type: fetal_quiescent,age: prenatal 16-18 W,c1 chip id: nochipID4,experiment_sample_name: FB_S6,fetal_quiescent
healthy cortex cell 466,GSM1658366,tissue: cortex,cell type: fetal_quiescent,age: prenatal 16-18 W,c1 chip id: nochipID4,experiment_sample_name: FB_S6,fetal_quiescent
healthy cortex cell 122,GSM1657992,tissue: cortex,cell type: astrocytes,age: postnatal 47 years,c1 chip id: nochipID12,experiment_sample_name: AB_S1,astrocytes
healthy cortex cell 123,GSM1657993,tissue: cortex,cell type: endothelial,age: postnatal 47 years,c1 chip id: nochipID12,experiment_sample_name: AB_S1,endothelial
healthy cortex cell 124,GSM1657994,tissue: cortex,cell type: microglia,age: postnatal 47 years,c1 chip id: nochipID12,experiment_sample_name: AB_S1,microglia
healthy cortex cell 125,GSM1657995,tissue: cortex,cell type: endothelial,age: postnatal 47 years,c1 chip id: nochipID12,experiment_sample_name: AB_S1,endothelial
healthy cortex cell 126,GSM1657996,tissue: cortex,cell type: microglia,age: postnatal 47 years,c1 chip id: nochipID12,experiment_sample_name: AB_S1,microglia
healthy cortex cell 127,GSM1657997,tissue: cortex,cell type: microglia,age: postnatal 63 years,c1 chip id: nochipID14,experiment_sample_name: AB_S2,microglia
healthy cortex cell 128,GSM1657998,tissue: cortex,cell type: astrocytes,age: postnatal 63 years,c1 chip id: nochipID14,experiment_sample_name: AB_S2,astrocytes
healthy cortex cell 129,GSM1657999,tissue: cortex,cell type: microglia,age: postnatal 63 years,c1 chip id: nochipID14,experiment_sample_name: AB_S2,microglia
healthy cortex cell 130,GSM1658000,tissue: cortex,cell type: astrocytes,age: postnatal 63 years,c1 chip id: nochipID14,experiment_sample_name: AB_S2,astrocytes
healthy cortex cell 131,GSM1658001,tissue: cortex,cell type: neurons,age: postnatal 63 years,c1 chip id: nochipID14,experiment_sample_name: AB_S2,neurons
healthy cortex cell 132,GSM1658002,tissue: cortex,cell type: neurons,age: postnatal 22 years,c1 chip id: nochipID15,experiment_sample_name: AB_S3,neurons
healthy cortex cell 133,GSM1658003,tissue: cortex,cell type: fetal_quiescent,age: postnatal 22 years,c1 chip id: nochipID15,experiment_sample_name: AB_S3,fetal_quiescent
healthy cortex cell 134,GSM1658004,tissue: cortex,cell type: endothelial,age: postnatal 22 years,c1 chip id: nochipID15,experiment_sample_name: AB_S3,endothelial
healthy cortex cell 135,GSM1658005,tissue: cortex,cell type: neurons,age: postnatal 22 years,c1 chip id: nochipID15,experiment_sample_name: AB_S3,neurons
healthy cortex cell 314,GSM1658184,tissue: cortex,cell type: astrocytes,age: postnatal 47 years,c1 chip id: nochipID9,experiment_sample_name: AB_S1,astrocytes
healthy cortex cell 315,GSM1658185,tissue: cortex,cell type: astrocytes,age: postnatal 47 years,c1 chip id: nochipID9,experiment_sample_name: AB_S1,astrocytes
healthy cortex cell 316,GSM1658186,tissue: cortex,cell type: astrocytes,age: postnatal 47 years,c1 chip id: nochipID9,experiment_sample_name: AB_S1,astrocytes
healthy cortex cell 317,GSM1658187,tissue: cortex,cell type: astrocytes,age: postnatal 47 years,c1 chip id: nochipID9,experiment_sample_name: AB_S1,astrocytes
healthy cortex cell 318,GSM1658188,tissue: cortex,cell type: microglia,age: postnatal 47 years,c1 chip id: nochipID9,experiment_sample_name: AB_S1,microglia
healthy cortex cell 319,GSM1658189,tissue: cortex,cell type: microglia,age: postnatal 47 years,c1 chip id: nochipID9,experiment_sample_name: AB_S1,microglia
healthy cortex cell 320,GSM1658190,tissue: cortex,cell type: astrocytes,age: postnatal 47 years,c1 chip id: nochipID9,experiment_sample_name: AB_S1,astrocytes
healthy cortex cell 321,GSM1658191,tissue: cortex,cell type: astrocytes,age: postnatal 47 years,c1 chip id: nochipID9,experiment_sample_name: AB_S1,astrocytes
healthy cortex cell 322,GSM1658192,tissue: cortex,cell type: neurons,age: postnatal 47 years,c1 chip id: nochipID9,experiment_sample_name: AB_S1,neurons
healthy cortex cell 323,GSM1658193,tissue: cortex,cell type: astrocytes,age: postnatal 47 years,c1 chip id: nochipID9,experiment_sample_name: AB_S1,astrocytes
healthy cortex cell 324,GSM1658194,tissue: cortex,cell type: neurons,age: postnatal 47 years,c1 chip id: nochipID9,experiment_sample_name: AB_S1,neurons
healthy cortex cell 325,GSM1658195,tissue: cortex,cell type: neurons,age: postnatal 47 years,c1 chip id: nochipID9,experiment_sample_name: AB_S1,neurons
healthy cortex cell 326,GSM1658196,tissue: cortex,cell type: microglia,age: postnatal 47 years,c1 chip id: nochipID9,experiment_sample_name: AB_S1,microglia
healthy cortex cell 327,GSM1658197,tissue: cortex,cell type: neurons,age: postnatal 47 years,c1 chip id: nochipID9,experiment_sample_name: AB_S1,neurons
healthy cortex cell 328,GSM1658198,tissue: cortex,cell type: neurons,age: postnatal 47 years,c1 chip id: nochipID9,experiment_sample_name: AB_S1,neurons
healthy cortex cell 329,GSM1658199,tissue: cortex,cell type: astrocytes,age: postnatal 47 years,c1 chip id: nochipID9,experiment_sample_name: AB_S1,astrocytes
healthy cortex cell 330,GSM1658200,tissue: cortex,cell type: neurons,age: postnatal 47 years,c1 chip id: nochipID9,experiment_sample_name: AB_S1,neurons
healthy cortex cell 331,GSM1658201,tissue: cortex,cell type: astrocytes,age: postnatal 47 years,c1 chip id: nochipID9,experiment_sample_name: AB_S1,astrocytes
healthy cortex cell 332,GSM1658202,tissue: cortex,cell type: astrocytes,age: postnatal 47 years,c1 chip id: nochipID9,experiment_sample_name: AB_S1,astrocytes
healthy cortex cell 333,GSM1658203,tissue: cortex,cell type: fetal_replicating,age: prenatal 16-18 W,c1 chip id: nochipID10,experiment_sample_name: FB_S1,fetal_replicating
healthy cortex cell 334,GSM1658204,tissue: cortex,cell type: fetal_replicating,age: prenatal 16-18 W,c1 chip id: nochipID10,experiment_sample_name: FB_S1,fetal_replicating
healthy cortex cell 335,GSM1658205,tissue: cortex,cell type: fetal_replicating,age: prenatal 16-18 W,c1 chip id: nochipID10,experiment_sample_name: FB_S1,fetal_replicating
healthy cortex cell 336,GSM1658206,tissue: cortex,cell type: fetal_replicating,age: prenatal 16-18 W,c1 chip id: nochipID10,experiment_sample_name: FB_S1,fetal_replicating
healthy cortex cell 337,GSM1658207,tissue: cortex,cell type: fetal_replicating,age: prenatal 16-18 W,c1 chip id: nochipID10,experiment_sample_name: FB_S1,fetal_replicating
healthy cortex cell 338,GSM1658208,tissue: cortex,cell type: fetal_replicating,age: prenatal 16-18 W,c1 chip id: nochipID10,experiment_sample_name: FB_S1,fetal_replicating
healthy cortex cell 339,GSM1658209,tissue: cortex,cell type: fetal_replicating,age: prenatal 16-18 W,c1 chip id: nochipID10,experiment_sample_name: FB_S1,fetal_replicating
healthy cortex cell 340,GSM1658210,tissue: cortex,cell type: fetal_replicating,age: prenatal 16-18 W,c1 chip id: nochipID10,experiment_sample_name: FB_S1,fetal_replicating
healthy cortex cell 341,GSM1658211,tissue: cortex,cell type: fetal_replicating,age: prenatal 16-18 W,c1 chip id: nochipID10,experiment_sample_name: FB_S1,fetal_replicating
healthy cortex cell 342,GSM1658212,tissue: cortex,cell type: fetal_replicating,age: prenatal 16-18 W,c1 chip id: nochipID10,experiment_sample_name: FB_S1,fetal_replicating
healthy cortex cell 343,GSM1658213,tissue: cortex,cell type: fetal_replicating,age: prenatal 16-18 W,c1 chip id: nochipID10,experiment_sample_name: FB_S1,fetal_replicating
healthy cortex cell 344,GSM1658214,tissue: cortex,cell type: fetal_replicating,age: prenatal 16-18 W,c1 chip id: nochipID10,experiment_sample_name: FB_S1,fetal_replicating
healthy cortex cell 345,GSM1658215,tissue: cortex,cell type: fetal_replicating,age: prenatal 16-18 W,c1 chip id: nochipID10,experiment_sample_name: FB_S1,fetal_replicating
healthy cortex cell 346,GSM1658216,tissue: cortex,cell type: fetal_replicating,age: prenatal 16-18 W,c1 chip id: nochipID10,experiment_sample_name: FB_S1,fetal_replicating
healthy cortex cell 347,GSM1658217,tissue: cortex,cell type: fetal_replicating,age: prenatal 16-18 W,c1 chip id: nochipID10,experiment_sample_name: FB_S1,fetal_replicating
healthy cortex cell 348,GSM1658218,tissue: cortex,cell type: fetal_replicating,age: prenatal 16-18 W,c1 chip id: nochipID10,experiment_sample_name: FB_S1,fetal_replicating
healthy cortex cell 349,GSM1658219,tissue: cortex,cell type: fetal_replicating,age: prenatal 16-18 W,c1 chip id: nochipID10,experiment_sample_name: FB_S1,fetal_replicating
healthy cortex cell 350,GSM1658220,tissue: cortex,cell type: fetal_replicating,age: prenatal 16-18 W,c1 chip id: nochipID10,experiment_sample_name: FB_S1,fetal_replicating
healthy cortex cell 351,GSM1658221,tissue: cortex,cell type: fetal_quiescent,age: prenatal 16-18 W,c1 chip id: nochipID10,experiment_sample_name: FB_S1,fetal_quiescent
healthy cortex cell 352,GSM1658222,tissue: cortex,cell type: fetal_replicating,age: prenatal 16-18 W,c1 chip id: nochipID10,experiment_sample_name: FB_S1,fetal_replicating
healthy cortex cell 353,GSM1658223,tissue: cortex,cell type: fetal_quiescent,age: prenatal 16-18 W,c1 chip id: nochipID10,experiment_sample_name: FB_S1,fetal_quiescent
healthy cortex cell 354,GSM1658224,tissue: cortex,cell type: fetal_replicating,age: prenatal 16-18 W,c1 chip id: nochipID10,experiment_sample_name: FB_S1,fetal_replicating
healthy cortex cell 355,GSM1658225,tissue: cortex,cell type: fetal_quiescent,age: prenatal 16-18 W,c1 chip id: nochipID10,experiment_sample_name: FB_S1,fetal_quiescent
healthy cortex cell 356,GSM1658226,tissue: cortex,cell type: fetal_quiescent,age: prenatal 16-18 W,c1 chip id: nochipID10,experiment_sample_name: FB_S1,fetal_quiescent
healthy cortex cell 357,GSM1658227,tissue: cortex,cell type: fetal_quiescent,age: prenatal 16-18 W,c1 chip id: nochipID10,experiment_sample_name: FB_S1,fetal_quiescent
healthy cortex cell 358,GSM1658228,tissue: cortex,cell type: fetal_replicating,age: prenatal 16-18 W,c1 chip id: nochipID10,experiment_sample_name: FB_S1,fetal_replicating
healthy cortex cell 359,GSM1658229,tissue: cortex,cell type: fetal_quiescent,age: prenatal 16-18 W,c1 chip id: nochipID11,experiment_sample_name: FB_S2,fetal_quiescent
healthy cortex cell 360,GSM1658230,tissue: cortex,cell type: fetal_quiescent,age: prenatal 16-18 W,c1 chip id: nochipID11,experiment_sample_name: FB_S2,fetal_quiescent
healthy cortex cell 361,GSM1658231,tissue: cortex,cell type: fetal_quiescent,age: prenatal 16-18 W,c1 chip id: nochipID11,experiment_sample_name: FB_S2,fetal_quiescent
healthy cortex cell 362,GSM1658232,tissue: cortex,cell type: fetal_quiescent,age: prenatal 16-18 W,c1 chip id: nochipID11,experiment_sample_name: FB_S2,fetal_quiescent
healthy cortex cell 363,GSM1658233,tissue: cortex,cell type: fetal_quiescent,age: prenatal 16-18 W,c1 chip id: nochipID11,experiment_sample_name: FB_S2,fetal_quiescent
healthy cortex cell 364,GSM1658234,tissue: cortex,cell type: fetal_quiescent,age: prenatal 16-18 W,c1 chip id: nochipID11,experiment_sample_name: FB_S2,fetal_quiescent
healthy cortex cell 365,GSM1658235,tissue: cortex,cell type: fetal_quiescent,age: prenatal 16-18 W,c1 chip id: nochipID11,experiment_sample_name: FB_S2,fetal_quiescent
healthy cortex cell 366,GSM1658236,tissue: cortex,cell type: fetal_quiescent,age: prenatal 16-18 W,c1 chip id: nochipID11,experiment_sample_name: FB_S2,fetal_quiescent
healthy cortex cell 367,GSM1658237,tissue: cortex,cell type: fetal_quiescent,age: prenatal 16-18 W,c1 chip id: nochipID11,experiment_sample_name: FB_S2,fetal_quiescent
healthy cortex cell 368,GSM1658238,tissue: cortex,cell type: fetal_quiescent,age: prenatal 16-18 W,c1 chip id: nochipID11,experiment_sample_name: FB_S2,fetal_quiescent
healthy cortex cell 369,GSM1658239,tissue: cortex,cell type: fetal_quiescent,age: prenatal 16-18 W,c1 chip id: nochipID11,experiment_sample_name: FB_S2,fetal_quiescent
healthy cortex cell 370,GSM1658240,tissue: cortex,cell type: fetal_quiescent,age: prenatal 16-18 W,c1 chip id: nochipID11,experiment_sample_name: FB_S2,fetal_quiescent
healthy cortex cell 371,GSM1658241,tissue: cortex,cell type: fetal_quiescent,age: prenatal 16-18 W,c1 chip id: nochipID11,experiment_sample_name: FB_S2,fetal_quiescent
healthy cortex cell 372,GSM1658242,tissue: cortex,cell type: fetal_replicating,age: prenatal 16-18 W,c1 chip id: nochipID11,experiment_sample_name: FB_S2,fetal_replicating
healthy cortex cell 373,GSM1658243,tissue: cortex,cell type: fetal_quiescent,age: prenatal 16-18 W,c1 chip id: nochipID11,experiment_sample_name: FB_S2,fetal_quiescent
healthy cortex cell 374,GSM1658244,tissue: cortex,cell type: fetal_quiescent,age: prenatal 16-18 W,c1 chip id: nochipID11,experiment_sample_name: FB_S2,fetal_quiescent
healthy cortex cell 375,GSM1658245,tissue: cortex,cell type: fetal_quiescent,age: prenatal 16-18 W,c1 chip id: nochipID11,experiment_sample_name: FB_S2,fetal_quiescent
healthy cortex cell 376,GSM1658246,tissue: cortex,cell type: fetal_quiescent,age: prenatal 16-18 W,c1 chip id: nochipID11,experiment_sample_name: FB_S2,fetal_quiescent
healthy cortex cell 377,GSM1658247,tissue: cortex,cell type: fetal_quiescent,age: prenatal 16-18 W,c1 chip id: nochipID11,experiment_sample_name: FB_S2,fetal_quiescent
healthy cortex cell 378,GSM1658248,tissue: cortex,cell type: fetal_quiescent,age: prenatal 16-18 W,c1 chip id: nochipID11,experiment_sample_name: FB_S2,fetal_quiescent
healthy cortex cell 379,GSM1658249,tissue: cortex,cell type: fetal_quiescent,age: prenatal 16-18 W,c1 chip id: nochipID11,experiment_sample_name: FB_S2,fetal_quiescent
healthy cortex cell 380,GSM1658251,tissue: cortex,cell type: fetal_quiescent,age: prenatal 16-18 W,c1 chip id: nochipID11,experiment_sample_name: FB_S2,fetal_quiescent
healthy cortex cell 381,GSM1658253,tissue: cortex,cell type: fetal_quiescent,age: prenatal 16-18 W,c1 chip id: nochipID11,experiment_sample_name: FB_S2,fetal_quiescent
healthy cortex cell 382,GSM1658255,tissue: cortex,cell type: fetal_quiescent,age: prenatal 16-18 W,c1 chip id: nochipID11,experiment_sample_name: FB_S2,fetal_quiescent
healthy cortex cell 383,GSM1658257,tissue: cortex,cell type: fetal_quiescent,age: prenatal 16-18 W,c1 chip id: nochipID11,experiment_sample_name: FB_S2,fetal_quiescent
healthy cortex cell 384,GSM1658259,tissue: cortex,cell type: fetal_quiescent,age: prenatal 16-18 W,c1 chip id: nochipID11,experiment_sample_name: FB_S2,fetal_quiescent
healthy cortex cell 385,GSM1658262,tissue: cortex,cell type: fetal_quiescent,age: prenatal 16-18 W,c1 chip id: nochipID11,experiment_sample_name: FB_S2,fetal_quiescent
healthy cortex cell 386,GSM1658264,tissue: cortex,cell type: fetal_quiescent,age: prenatal 16-18 W,c1 chip id: nochipID11,experiment_sample_name: FB_S2,fetal_quiescent
healthy cortex cell 387,GSM1658266,tissue: cortex,cell type: fetal_quiescent,age: prenatal 16-18 W,c1 chip id: nochipID11,experiment_sample_name: FB_S2,fetal_quiescent
healthy cortex cell 388,GSM1658268,tissue: cortex,cell type: fetal_quiescent,age: prenatal 16-18 W,c1 chip id: nochipID11,experiment_sample_name: FB_S2,fetal_quiescent
healthy cortex cell 389,GSM1658270,tissue: cortex,cell type: fetal_quiescent,age: prenatal 16-18 W,c1 chip id: nochipID11,experiment_sample_name: FB_S2,fetal_quiescent
healthy cortex cell 390,GSM1658272,tissue: cortex,cell type: fetal_quiescent,age: prenatal 16-18 W,c1 chip id: nochipID11,experiment_sample_name: FB_S2,fetal_quiescent
healthy cortex cell 391,GSM1658275,tissue: cortex,cell type: fetal_quiescent,age: prenatal 16-18 W,c1 chip id: nochipID11,experiment_sample_name: FB_S2,fetal_quiescent
healthy cortex cell 392,GSM1658277,tissue: cortex,cell type: fetal_quiescent,age: prenatal 16-18 W,c1 chip id: nochipID11,experiment_sample_name: FB_S2,fetal_quiescent
healthy cortex cell 393,GSM1658279,tissue: cortex,cell type: fetal_quiescent,age: prenatal 16-18 W,c1 chip id: nochipID11,experiment_sample_name: FB_S2,fetal_quiescent
healthy cortex cell 394,GSM1658281,tissue: cortex,cell type: fetal_quiescent,age: prenatal 16-18 W,c1 chip id: nochipID11,experiment_sample_name: FB_S2,fetal_quiescent
healthy cortex cell 395,GSM1658284,tissue: cortex,cell type: fetal_quiescent,age: prenatal 16-18 W,c1 chip id: nochipID11,experiment_sample_name: FB_S2,fetal_quiescent
healthy cortex cell 396,GSM1658286,tissue: cortex,cell type: fetal_quiescent,age: prenatal 16-18 W,c1 chip id: nochipID11,experiment_sample_name: FB_S2,fetal_quiescent
healthy cortex cell 397,GSM1658288,tissue: cortex,cell type: fetal_quiescent,age: prenatal 16-18 W,c1 chip id: nochipID11,experiment_sample_name: FB_S2,fetal_quiescent
healthy cortex cell 398,GSM1658290,tissue: cortex,cell type: fetal_quiescent,age: prenatal 16-18 W,c1 chip id: nochipID11,experiment_sample_name: FB_S2,fetal_quiescent
healthy cortex cell 399,GSM1658292,tissue: cortex,cell type: fetal_quiescent,age: prenatal 16-18 W,c1 chip id: nochipID11,experiment_sample_name: FB_S2,fetal_quiescent
healthy cortex cell 400,GSM1658294,tissue: cortex,cell type: fetal_quiescent,age: prenatal 16-18 W,c1 chip id: nochipID11,experiment_sample_name: FB_S2,fetal_quiescent
healthy cortex cell 401,GSM1658297,tissue: cortex,cell type: fetal_quiescent,age: prenatal 16-18 W,c1 chip id: nochipID11,experiment_sample_name: FB_S2,fetal_quiescent
healthy cortex cell 402,GSM1658299,tissue: cortex,cell type: fetal_quiescent,age: prenatal 16-18 W,c1 chip id: nochipID11,experiment_sample_name: FB_S2,fetal_quiescent
healthy cortex cell 403,GSM1658301,tissue: cortex,cell type: fetal_quiescent,age: prenatal 16-18 W,c1 chip id: nochipID11,experiment_sample_name: FB_S2,fetal_quiescent
healthy cortex cell 404,GSM1658304,tissue: cortex,cell type: fetal_replicating,age: prenatal 16-18 W,c1 chip id: nochipID11,experiment_sample_name: FB_S2,fetal_replicating
healthy cortex cell 405,GSM1658305,tissue: cortex,cell type: fetal_quiescent,age: prenatal 16-18 W,c1 chip id: nochipID13,experiment_sample_name: FB_S3,fetal_quiescent
healthy cortex cell 406,GSM1658306,tissue: cortex,cell type: fetal_quiescent,age: prenatal 16-18 W,c1 chip id: nochipID13,experiment_sample_name: FB_S3,fetal_quiescent
healthy cortex cell 407,GSM1658307,tissue: cortex,cell type: fetal_quiescent,age: prenatal 16-18 W,c1 chip id: nochipID13,experiment_sample_name: FB_S3,fetal_quiescent
healthy cortex cell 408,GSM1658308,tissue: cortex,cell type: fetal_quiescent,age: prenatal 16-18 W,c1 chip id: nochipID13,experiment_sample_name: FB_S3,fetal_quiescent
healthy cortex cell 409,GSM1658309,tissue: cortex,cell type: fetal_quiescent,age: prenatal 16-18 W,c1 chip id: nochipID13,experiment_sample_name: FB_S3,fetal_quiescent
healthy cortex cell 410,GSM1658310,tissue: cortex,cell type: fetal_quiescent,age: prenatal 16-18 W,c1 chip id: nochipID13,experiment_sample_name: FB_S3,fetal_quiescent
healthy cortex cell 411,GSM1658311,tissue: cortex,cell type: fetal_quiescent,age: prenatal 16-18 W,c1 chip id: nochipID13,experiment_sample_name: FB_S3,fetal_quiescent
healthy cortex cell 412,GSM1658312,tissue: cortex,cell type: fetal_quiescent,age: prenatal 16-18 W,c1 chip id: nochipID13,experiment_sample_name: FB_S3,fetal_quiescent
healthy cortex cell 413,GSM1658313,tissue: cortex,cell type: fetal_quiescent,age: prenatal 16-18 W,c1 chip id: nochipID13,experiment_sample_name: FB_S3,fetal_quiescent
healthy cortex cell 414,GSM1658314,tissue: cortex,cell type: fetal_quiescent,age: prenatal 16-18 W,c1 chip id: nochipID13,experiment_sample_name: FB_S3,fetal_quiescent
healthy cortex cell 415,GSM1658315,tissue: cortex,cell type: fetal_quiescent,age: prenatal 16-18 W,c1 chip id: nochipID13,experiment_sample_name: FB_S3,fetal_quiescent
healthy cortex cell 416,GSM1658316,tissue: cortex,cell type: fetal_quiescent,age: prenatal 16-18 W,c1 chip id: nochipID13,experiment_sample_name: FB_S3,fetal_quiescent
healthy cortex cell 417,GSM1658317,tissue: cortex,cell type: fetal_quiescent,age: prenatal 16-18 W,c1 chip id: nochipID13,experiment_sample_name: FB_S3,fetal_quiescent
healthy cortex cell 418,GSM1658318,tissue: cortex,cell type: fetal_quiescent,age: prenatal 16-18 W,c1 chip id: nochipID13,experiment_sample_name: FB_S3,fetal_quiescent
healthy cortex cell 419,GSM1658319,tissue: cortex,cell type: fetal_quiescent,age: prenatal 16-18 W,c1 chip id: nochipID13,experiment_sample_name: FB_S3,fetal_quiescent
healthy cortex cell 420,GSM1658320,tissue: cortex,cell type: fetal_quiescent,age: prenatal 16-18 W,c1 chip id: nochipID13,experiment_sample_name: FB_S3,fetal_quiescent
healthy cortex cell 421,GSM1658321,tissue: cortex,cell type: fetal_quiescent,age: prenatal 16-18 W,c1 chip id: nochipID13,experiment_sample_name: FB_S3,fetal_quiescent
healthy cortex cell 422,GSM1658322,tissue: cortex,cell type: fetal_quiescent,age: prenatal 16-18 W,c1 chip id: nochipID13,experiment_sample_name: FB_S3,fetal_quiescent
healthy cortex cell 423,GSM1658323,tissue: cortex,cell type: fetal_quiescent,age: prenatal 16-18 W,c1 chip id: nochipID13,experiment_sample_name: FB_S3,fetal_quiescent
healthy cortex cell 424,GSM1658324,tissue: cortex,cell type: fetal_quiescent,age: prenatal 16-18 W,c1 chip id: nochipID13,experiment_sample_name: FB_S3,fetal_quiescent
healthy cortex cell 425,GSM1658325,tissue: cortex,cell type: fetal_quiescent,age: prenatal 16-18 W,c1 chip id: nochipID13,experiment_sample_name: FB_S3,fetal_quiescent
healthy cortex cell 426,GSM1658326,tissue: cortex,cell type: fetal_quiescent,age: prenatal 16-18 W,c1 chip id: nochipID13,experiment_sample_name: FB_S3,fetal_quiescent
healthy cortex cell 427,GSM1658327,tissue: cortex,cell type: fetal_quiescent,age: prenatal 16-18 W,c1 chip id: nochipID13,experiment_sample_name: FB_S3,fetal_quiescent
healthy cortex cell 428,GSM1658328,tissue: cortex,cell type: fetal_quiescent,age: prenatal 16-18 W,c1 chip id: nochipID13,experiment_sample_name: FB_S3,fetal_quiescent
healthy cortex cell 429,GSM1658329,tissue: cortex,cell type: fetal_quiescent,age: prenatal 16-18 W,c1 chip id: nochipID13,experiment_sample_name: FB_S3,fetal_quiescent
healthy cortex cell 430,GSM1658330,tissue: cortex,cell type: fetal_quiescent,age: prenatal 16-18 W,c1 chip id: nochipID13,experiment_sample_name: FB_S3,fetal_quiescent
healthy cortex cell 431,GSM1658331,tissue: cortex,cell type: fetal_quiescent,age: prenatal 16-18 W,c1 chip id: nochipID13,experiment_sample_name: FB_S3,fetal_quiescent
healthy cortex cell 432,GSM1658332,tissue: cortex,cell type: fetal_quiescent,age: prenatal 16-18 W,c1 chip id: nochipID13,experiment_sample_name: FB_S3,fetal_quiescent
healthy cortex cell 433,GSM1658333,tissue: cortex,cell type: fetal_quiescent,age: prenatal 16-18 W,c1 chip id: nochipID13,experiment_sample_name: FB_S3,fetal_quiescent
healthy cortex cell 434,GSM1658334,tissue: cortex,cell type: fetal_quiescent,age: prenatal 16-18 W,c1 chip id: nochipID13,experiment_sample_name: FB_S3,fetal_quiescent
healthy cortex cell 435,GSM1658335,tissue: cortex,cell type: fetal_quiescent,age: prenatal 16-18 W,c1 chip id: nochipID13,experiment_sample_name: FB_S3,fetal_quiescent
healthy cortex cell 436,GSM1658336,tissue: cortex,cell type: fetal_quiescent,age: prenatal 16-18 W,c1 chip id: nochipID13,experiment_sample_name: FB_S3,fetal_quiescent
healthy cortex cell 437,GSM1658337,tissue: cortex,cell type: fetal_quiescent,age: prenatal 16-18 W,c1 chip id: nochipID13,experiment_sample_name: FB_S3,fetal_quiescent